{
  "openssl_version": "OpenSSL 4.0.0 14 Apr 2026 (Library: OpenSSL 4.0.0 14 Apr 2026)",
  "baseline_empty_process": {
    "mean_ms": 17.44765,
    "stddev_ms": 2.131300923731794,
    "min_ms": 13.106,
    "max_ms": 20.173,
    "p5_ms": 14.251,
    "p95_ms": 20.173,
    "samples": 20,
    "raw_times_ms": [
      13.106,
      14.251,
      14.416,
      14.528,
      15.233,
      15.84,
      16.965,
      17.249,
      17.427,
      17.442,
      18.038,
      18.815,
      18.963,
      18.999,
      19.084,
      19.123,
      19.304,
      19.927,
      20.07,
      20.173
    ],
    "description": "Process.runSync(true) overhead ~27ms per spawn"
  },
  "sha256_1kb_openssl_speed": {
    "ops_per_sec": 1885005440.0,
    "us_per_op": 0.5432345065274718
  },
  "sha256_1kb_dgst_batch": {
    "mean_ms": 50.441178,
    "stddev_ms": 4.114940649255587,
    "min_ms": 43.86066,
    "max_ms": 54.41758,
    "p5_ms": 43.86066,
    "p95_ms": 54.41758,
    "samples": 5,
    "raw_times_ms": [
      43.86066,
      47.63908,
      51.90264,
      54.38593,
      54.41758
    ],
    "description": "openssl dgst -sha256 1KB, 100x batch, per-op ms"
  },
  "aes256gcm_1kb_openssl_speed": {
    "ops_per_sec": 3479288020.0,
    "us_per_op": 0.29431308765291586
  },
  "aes256gcm_1kb_enc_batch": {
    "mean_ms": 58.182352,
    "stddev_ms": 4.249483601033894,
    "min_ms": 52.33194,
    "max_ms": 63.11674,
    "p5_ms": 52.33194,
    "p95_ms": 63.11674,
    "samples": 5,
    "raw_times_ms": [
      52.33194,
      53.91578,
      60.57146,
      60.97584,
      63.11674
    ],
    "description": "openssl enc -aes-256-gcm 1KB, 50x batch, per-op ms"
  },
  "rsa2048_keygen_openssl_cli": {
    "mean_ms": 102.3622,
    "stddev_ms": 25.586566079878715,
    "min_ms": 57.937,
    "max_ms": 152.625,
    "p5_ms": 62.432,
    "p95_ms": 152.625,
    "samples": 20,
    "raw_times_ms": [
      57.937,
      62.432,
      77.947,
      80.379,
      82.677,
      83.493,
      88.384,
      91.322,
      96.404,
      98.008,
      98.47,
      103.615,
      105.109,
      115.987,
      121.76,
      122.351,
      127.18,
      128.723,
      152.441,
      152.625
    ],
    "description": "openssl genpkey -algorithm RSA -pkeyopt rsa_keygen_bits:2048"
  },
  "ecdsa_p256_sign_cli": {
    "mean_ms": 69.89555000000001,
    "stddev_ms": 25.465710193267732,
    "min_ms": 47.645,
    "max_ms": 140.893,
    "p5_ms": 50.575,
    "p95_ms": 140.893,
    "samples": 20,
    "raw_times_ms": [
      47.645,
      50.575,
      50.757,
      51.162,
      51.506,
      52.351,
      52.922,
      53.865,
      56.039,
      59.019,
      61.17,
      62.287,
      63.519,
      64.985,
      75.066,
      78.914,
      101.587,
      109.072,
      114.577,
      140.893
    ],
    "description": "openssl dgst -sha256 -sign (ECDSA P-256)"
  },
  "ecdsa_p256_verify_cli": {
    "mean_ms": 67.4947,
    "stddev_ms": 28.296068833143593,
    "min_ms": 45.763,
    "max_ms": 161.104,
    "p5_ms": 46.054,
    "p95_ms": 161.104,
    "samples": 20,
    "raw_times_ms": [
      45.763,
      46.054,
      46.369,
      46.809,
      49.611,
      50.676,
      51.188,
      51.66,
      53.579,
      54.229,
      54.807,
      56.658,
      59.211,
      70.744,
      72.001,
      75.594,
      93.768,
      103.757,
      106.312,
      161.104
    ],
    "description": "openssl dgst -sha256 -verify (ECDSA P-256)"
  },
  "mlkem768_keygen_cli": {
    "mean_ms": 77.6297,
    "stddev_ms": 25.627637220586685,
    "min_ms": 45.421,
    "max_ms": 139.267,
    "p5_ms": 46.974,
    "p95_ms": 139.267,
    "samples": 20,
    "raw_times_ms": [
      45.421,
      46.974,
      47.223,
      47.276,
      55.754,
      59.92,
      67.723,
      74.375,
      74.821,
      75.154,
      79.208,
      79.253,
      80.594,
      81.52,
      81.796,
      81.827,
      86.016,
      116.5,
      131.972,
      139.267
    ],
    "description": "openssl genpkey -algorithm ML-KEM-768"
  },
  "mlkem768_encaps_cli": {
    "mean_ms": 80.4721,
    "stddev_ms": 11.319971245104824,
    "min_ms": 63.765,
    "max_ms": 103.737,
    "p5_ms": 64.606,
    "p95_ms": 103.737,
    "samples": 20,
    "raw_times_ms": [
      63.765,
      64.606,
      67.831,
      69.079,
      69.83,
      70.451,
      72.857,
      74.164,
      76.615,
      80.751,
      80.976,
      84.78,
      84.853,
      85.543,
      86.152,
      86.732,
      89.505,
      98.324,
      98.891,
      103.737
    ],
    "description": "openssl pkeyutl -encap ML-KEM-768"
  },
  "mlkem768_decaps_cli": {
    "mean_ms": 65.4666,
    "stddev_ms": 22.657092128956002,
    "min_ms": 47.693,
    "max_ms": 128.327,
    "p5_ms": 49.123,
    "p95_ms": 128.327,
    "samples": 20,
    "raw_times_ms": [
      47.693,
      49.123,
      49.202,
      49.261,
      49.951,
      50.674,
      52.823,
      53.038,
      54.266,
      55.959,
      57.635,
      58.411,
      58.699,
      60.407,
      67.689,
      71.726,
      76.145,
      103.76,
      114.543,
      128.327
    ],
    "description": "openssl pkeyutl -decap ML-KEM-768"
  },
  "mldsa44_keygen_cli": {
    "mean_ms": 65.37465,
    "stddev_ms": 23.704114061223635,
    "min_ms": 45.924,
    "max_ms": 132.499,
    "p5_ms": 45.955,
    "p95_ms": 132.499,
    "samples": 20,
    "raw_times_ms": [
      45.924,
      45.955,
      46.974,
      47.568,
      47.605,
      48.297,
      49.412,
      49.921,
      51.322,
      51.796,
      52.613,
      64.951,
      66.048,
      66.662,
      70.947,
      74.842,
      89.928,
      90.941,
      113.288,
      132.499
    ],
    "description": "openssl genpkey -algorithm ML-DSA-44"
  },
  "mldsa44_sign_cli": {
    "mean_ms": 76.7192,
    "stddev_ms": 33.64628017418865,
    "min_ms": 46.231,
    "max_ms": 200.325,
    "p5_ms": 47.706,
    "p95_ms": 200.325,
    "samples": 20,
    "raw_times_ms": [
      46.231,
      47.706,
      49.637,
      51.772,
      52.686,
      59.807,
      61.124,
      61.325,
      61.402,
      67.244,
      71.521,
      73.87,
      77.12,
      78.452,
      81.12,
      81.548,
      94.762,
      99.473,
      117.259,
      200.325
    ],
    "description": "openssl dgst -sign (ML-DSA-44)"
  },
  "mldsa44_verify_cli": {
    "mean_ms": 70.15545,
    "stddev_ms": 41.566606169466134,
    "min_ms": 46.761,
    "max_ms": 229.047,
    "p5_ms": 47.942,
    "p95_ms": 229.047,
    "samples": 20,
    "raw_times_ms": [
      46.761,
      47.942,
      48.856,
      50.689,
      50.882,
      51.643,
      51.983,
      52.141,
      52.924,
      53.951,
      55.906,
      57.249,
      57.62,
      58.013,
      62.16,
      76.004,
      80.52,
      81.607,
      137.211,
      229.047
    ],
    "description": "openssl dgst -verify (ML-DSA-44)"
  }
}